#nodes,#clique-2,#clique-3,#clique-4,#clique-5,#clique-6,#clique-7,#clique-8,#clique-9,#clique-10,#clique-11,#clique-12,#clique-13,#clique-14,#clique-15,#clique-16,#clique-17,#clique-18,#clique-19,#clique-20,#clique-21,#clique-22,#clique-23,#clique-24,#clique-25,#clique-26,#clique-27,#clique-28,#clique-29,#clique-30,#clique-31,#clique-32,#clique-33,#clique-34
18.0,12.0,2.0,,,,,,,,,,,,,,,,,,,,,,,,,,,,,,,
21.0,14.0,2.0,,,,,,,,,,,,,,,,,,,,,,,,,,,,,,,
23.0,15.0,2.0,,,,,,,,,,,,,,,,,,,,,,,,,,,,,,,
25.0,16.0,2.0,,,,,,,,,,,,,,,,,,,,,,,,,,,,,,,
27.0,17.0,2.0,,,,,,,,,,,,,,,,,,,,,,,,,,,,,,,
30.0,19.0,2.0,,,,,,,,,,,,,,,,,,,,,,,,,,,,,,,
32.0,20.0,2.0,,,,,,,,,,,,,,,,,,,,,,,,,,,,,,,
36.0,22.0,2.0,,,,,,,,,,,,,,,,,,,,,,,,,,,,,,,
38.0,23.0,2.0,,,,,,,,,,,,,,,,,,,,,,,,,,,,,,,
43.0,27.0,2.0,,,,,,,,,,,,,,,,,,,,,,,,,,,,,,,
47.0,29.0,2.0,,,,,,,,,,,,,,,,,,,,,,,,,,,,,,,
51.0,33.0,2.0,,,,,,,,,,,,,,,,,,,,,,,,,,,,,,,
57.0,37.0,2.0,,,,,,,,,,,,,,,,,,,,,,,,,,,,,,,
62.0,40.0,2.0,,,,,,,,,,,,,,,,,,,,,,,,,,,,,,,
67.0,43.0,2.0,,,,,,,,,,,,,,,,,,,,,,,,,,,,,,,
75.0,48.0,2.0,,,,,,,,,,,,,,,,,,,,,,,,,,,,,,,
82.0,52.0,2.0,,,,,,,,,,,,,,,,,,,,,,,,,,,,,,,
90.0,57.0,2.0,,,,,,,,,,,,,,,,,,,,,,,,,,,,,,,
98.0,63.0,2.0,,,,,,,,,,,,,,,,,,,,,,,,,,,,,,,
109.0,70.0,2.0,,,,,,,,,,,,,,,,,,,,,,,,,,,,,,,
118.0,77.0,2.0,,,,,,,,,,,,,,,,,,,,,,,,,,,,,,,
130.0,85.0,2.0,,,,,,,,,,,,,,,,,,,,,,,,,,,,,,,
144.0,94.0,2.0,,,,,,,,,,,,,,,,,,,,,,,,,,,,,,,
157.0,106.0,2.0,,,,,,,,,,,,,,,,,,,,,,,,,,,,,,,
174.0,115.0,2.0,,,,,,,,,,,,,,,,,,,,,,,,,,,,,,,
191.0,129.0,2.0,,,,,,,,,,,,,,,,,,,,,,,,,,,,,,,
210.0,144.0,2.0,,,,,,,,,,,,,,,,,,,,,,,,,,,,,,,
230.0,159.0,2.0,,,,,,,,,,,,,,,,,,,,,,,,,,,,,,,
253.0,176.0,2.0,,,,,,,,,,,,,,,,,,,,,,,,,,,,,,,
278.0,196.0,3.0,,,,,,,,,,,,,,,,,,,,,,,,,,,,,,,
305.0,220.0,3.0,,,,,,,,,,,,,,,,,,,,,,,,,,,,,,,
337.0,248.0,3.0,,,,,,,,,,,,,,,,,,,,,,,,,,,,,,,
369.0,284.0,6.0,,,,,,,,,,,,,,,,,,,,,,,,,,,,,,,
406.0,325.0,8.0,,,,,,,,,,,,,,,,,,,,,,,,,,,,,,,
447.0,363.0,9.0,,,,,,,,,,,,,,,,,,,,,,,,,,,,,,,
491.0,407.0,10.0,,,,,,,,,,,,,,,,,,,,,,,,,,,,,,,
540.0,453.0,14.0,,,,,,,,,,,,,,,,,,,,,,,,,,,,,,,
595.0,510.0,21.0,1.0,,,,,,,,,,,,,,,,,,,,,,,,,,,,,,
654.0,572.0,27.0,2.0,,,,,,,,,,,,,,,,,,,,,,,,,,,,,,
719.0,653.0,30.0,2.0,,,,,,,,,,,,,,,,,,,,,,,,,,,,,,
791.0,721.0,34.0,2.0,,,,,,,,,,,,,,,,,,,,,,,,,,,,,,
870.0,814.0,51.0,4.0,,,,,,,,,,,,,,,,,,,,,,,,,,,,,,
958.0,912.0,61.0,5.0,,,,,,,,,,,,,,,,,,,,,,,,,,,,,,
1052.0,1027.0,77.0,5.0,,,,,,,,,,,,,,,,,,,,,,,,,,,,,,
1158.0,1163.0,89.0,7.0,,,,,,,,,,,,,,,,,,,,,,,,,,,,,,
1273.0,1322.0,132.0,16.0,1.0,,,,,,,,,,,,,,,,,,,,,,,,,,,,,
1400.0,1515.0,171.0,21.0,2.0,,,,,,,,,,,,,,,,,,,,,,,,,,,,,
1540.0,1699.0,201.0,29.0,3.0,,,,,,,,,,,,,,,,,,,,,,,,,,,,,
1698.0,2015.0,330.0,73.0,8.0,,,,,,,,,,,,,,,,,,,,,,,,,,,,,
1864.0,2272.0,413.0,106.0,13.0,,,,,,,,,,,,,,,,,,,,,,,,,,,,,
2049.0,2585.0,543.0,162.0,27.0,,,,,,,,,,,,,,,,,,,,,,,,,,,,,
2255.0,2938.0,678.0,205.0,34.0,,,,,,,,,,,,,,,,,,,,,,,,,,,,,
2480.0,3400.0,916.0,278.0,42.0,,,,,,,,,,,,,,,,,,,,,,,,,,,,,
2727.0,3853.0,1202.0,452.0,103.0,7.0,,,,,,,,,,,,,,,,,,,,,,,,,,,,
3000.0,4443.0,1565.0,672.0,195.0,27.0,2.0,,,,,,,,,,,,,,,,,,,,,,,,,,,
3300.0,5088.0,2034.0,1002.0,344.0,65.0,8.0,,,,,,,,,,,,,,,,,,,,,,,,,,,
3630.0,5829.0,2621.0,1495.0,642.0,177.0,33.0,3.0,,,,,,,,,,,,,,,,,,,,,,,,,,
3993.0,6678.0,3272.0,1996.0,923.0,269.0,44.0,3.0,,,,,,,,,,,,,,,,,,,,,,,,,,
4392.0,7687.0,4301.0,2871.0,1366.0,395.0,63.0,4.0,,,,,,,,,,,,,,,,,,,,,,,,,,
4831.0,8863.0,5610.0,4356.0,2461.0,890.0,186.0,18.0,,,,,,,,,,,,,,,,,,,,,,,,,,
5314.0,10144.0,7068.0,6133.0,3841.0,1505.0,339.0,39.0,1.0,,,,,,,,,,,,,,,,,,,,,,,,,
5845.0,11542.0,8582.0,7812.0,5304.0,2369.0,674.0,116.0,9.0,,,,,,,,,,,,,,,,,,,,,,,,,
6430.0,13167.0,11083.0,11620.0,8996.0,4499.0,1415.0,261.0,21.0,,,,,,,,,,,,,,,,,,,,,,,,,
7074.0,15074.0,14145.0,17199.0,15943.0,9760.0,3782.0,900.0,121.0,7.0,,,,,,,,,,,,,,,,,,,,,,,,
7780.0,17243.0,18014.0,25135.0,27512.0,20665.0,10179.0,3117.0,537.0,40.0,,,,,,,,,,,,,,,,,,,,,,,,
8558.0,19704.0,22123.0,32493.0,37723.0,30441.0,16433.0,5693.0,1169.0,117.0,3.0,,,,,,,,,,,,,,,,,,,,,,,
9413.0,22306.0,26854.0,42244.0,52266.0,44540.0,25141.0,9037.0,1919.0,200.0,6.0,,,,,,,,,,,,,,,,,,,,,,,
10355.0,25522.0,33220.0,55828.0,73813.0,67507.0,41293.0,16347.0,3908.0,475.0,18.0,,,,,,,,,,,,,,,,,,,,,,,
11390.0,28935.0,40278.0,72991.0,107333.0,112908.0,81654.0,39074.0,11594.0,1878.0,127.0,3.0,,,,,,,,,,,,,,,,,,,,,,
12529.0,33057.0,49446.0,94520.0,146834.0,165224.0,130837.0,71277.0,25726.0,5746.0,703.0,37.0,,,,,,,,,,,,,,,,,,,,,,
13782.0,37633.0,61464.0,128464.0,220315.0,278125.0,252581.0,162682.0,72555.0,21465.0,3906.0,382.0,15.0,,,,,,,,,,,,,,,,,,,,,
15160.0,42459.0,73723.0,164218.0,302838.0,416499.0,419413.0,307349.0,162273.0,60426.0,15224.0,2395.0,198.0,5.0,,,,,,,,,,,,,,,,,,,,
16676.0,48093.0,89659.0,213224.0,423587.0,638226.0,719142.0,605756.0,381146.0,178231.0,61182.0,15024.0,2496.0,246.0,10.0,,,,,,,,,,,,,,,,,,,
18343.0,54534.0,112584.0,302240.0,688097.0,1214093.0,1642915.0,1707709.0,1364188.0,834515.0,386833.0,132856.0,32376.0,5162.0,458.0,15.0,,,,,,,,,,,,,,,,,,
20177.0,60978.0,134411.0,385495.0,925660.0,1713707.0,2435850.0,2673678.0,2274068.0,1497344.0,757959.0,290271.0,81568.0,15910.0,1937.0,115.0,1.0,,,,,,,,,,,,,,,,,
22195.0,68853.0,162638.0,503265.0,1309726.0,2641017.0,4105447.0,4949576.0,4653254.0,3421473.0,1966796.0,879023.0,301247.0,76966.0,13883.0,1583.0,86.0,,,,,,,,,,,,,,,,,
24415.0,77829.0,201473.0,705365.0,2143342.0,5354808.0,11615018.0,23882046.0,49513858.0,102497690.0,201386779.0,360601878.0,577402970.0,821920522.0,1039341919.0,1168185507.0,1167561830.0,1037510679.0,818945139.0,573209154.0,354827967.0,193538745.0,92561316.0,38567124.0,13884157.0,4272048.0,1107568.0,237336.0,40920.0,5456.0,528.0,33.0,1.0,
26856.0,87068.0,238281.0,881736.0,2826245.0,7370430.0,16303495.0,33207129.0,67240902.0,137314887.0,270851061.0,492429910.0,804387697.0,1169638808.0,1510816389.0,1733886383.0,1768626572.0,1603227847.0,1290379433.0,920582545.0,580620786.0,322563224.0,157073556.0,66615924.0,24402457.0,7637904.0,2013760.0,438712.0,76880.0,10416.0,1024.0,65.0,2.0,
29541.0,98124.0,285151.0,1106300.0,3723979.0,10187959.0,23118417.0,45910106.0,85612965.0,158103592.0,289395100.0,505544899.0,811761778.0,1172929117.0,1511971281.0,1734199145.0,1768689656.0,1603236776.0,1290380238.0,920582585.0,580620787.0,322563224.0,157073556.0,66615924.0,24402457.0,7637904.0,2013760.0,438712.0,76880.0,10416.0,1024.0,65.0,2.0,
32496.0,110281.0,341903.0,1408882.0,4984765.0,14154017.0,32622207.0,63479110.0,110925340.0,186725996.0,314920767.0,523587002.0,821967558.0,1177664041.0,1513876510.0,1734925961.0,1768968834.0,1603340322.0,1290413877.0,920591422.0,580622557.0,322563477.0,157073579.0,66615925.0,24402457.0,7637904.0,2013760.0,438712.0,76880.0,10416.0,1024.0,65.0,2.0,
35776.0,124330.0,406391.0,1761565.0,6542726.0,19493796.0,46975850.0,94199034.0,164214637.0,263953648.0,414226270.0,648923957.0,992369516.0,1425761673.0,1870687439.0,2209450556.0,2335457333.0,2204560216.0,1856154499.0,1392028548.0,927996236.0,548356319.0,286098059.0,131128165.0,52451257.0,18156204.0,5379616.0,1344904.0,278256.0,46376.0,5984.0,561.0,34.0,1.0
