#nodes,#clique-2,#clique-3,#clique-4,#clique-5,#clique-6,#clique-7,#clique-8,#clique-9,#clique-10,#clique-11,#clique-12,#clique-13,#clique-14,#clique-15,#clique-16,#clique-17,#clique-18,#clique-19,#clique-20,#clique-21,#clique-22,#clique-23,#clique-24,#clique-25,#clique-26,#clique-27,#clique-28,#clique-29,#clique-30
19.0,10.0,,,,,,,,,,,,,,,,,,,,,,,,,,,,
21.0,11.0,,,,,,,,,,,,,,,,,,,,,,,,,,,,
23.0,12.0,,,,,,,,,,,,,,,,,,,,,,,,,,,,
25.0,13.0,,,,,,,,,,,,,,,,,,,,,,,,,,,,
27.0,14.0,,,,,,,,,,,,,,,,,,,,,,,,,,,,
29.0,16.0,,,,,,,,,,,,,,,,,,,,,,,,,,,,
33.0,18.0,,,,,,,,,,,,,,,,,,,,,,,,,,,,
36.0,20.0,,,,,,,,,,,,,,,,,,,,,,,,,,,,
38.0,21.0,,,,,,,,,,,,,,,,,,,,,,,,,,,,
42.0,23.0,,,,,,,,,,,,,,,,,,,,,,,,,,,,
46.0,25.0,,,,,,,,,,,,,,,,,,,,,,,,,,,,
51.0,28.0,,,,,,,,,,,,,,,,,,,,,,,,,,,,
56.0,32.0,,,,,,,,,,,,,,,,,,,,,,,,,,,,
63.0,36.0,,,,,,,,,,,,,,,,,,,,,,,,,,,,
68.0,39.0,,,,,,,,,,,,,,,,,,,,,,,,,,,,
74.0,43.0,,,,,,,,,,,,,,,,,,,,,,,,,,,,
82.0,49.0,,,,,,,,,,,,,,,,,,,,,,,,,,,,
89.0,54.0,,,,,,,,,,,,,,,,,,,,,,,,,,,,
99.0,60.0,,,,,,,,,,,,,,,,,,,,,,,,,,,,
108.0,68.0,,,,,,,,,,,,,,,,,,,,,,,,,,,,
119.0,77.0,,,,,,,,,,,,,,,,,,,,,,,,,,,,
130.0,85.0,,,,,,,,,,,,,,,,,,,,,,,,,,,,
143.0,99.0,,,,,,,,,,,,,,,,,,,,,,,,,,,,
157.0,111.0,,,,,,,,,,,,,,,,,,,,,,,,,,,,
173.0,123.0,1.0,,,,,,,,,,,,,,,,,,,,,,,,,,,
190.0,138.0,1.0,,,,,,,,,,,,,,,,,,,,,,,,,,,
210.0,153.0,1.0,,,,,,,,,,,,,,,,,,,,,,,,,,,
230.0,169.0,1.0,,,,,,,,,,,,,,,,,,,,,,,,,,,
253.0,194.0,1.0,,,,,,,,,,,,,,,,,,,,,,,,,,,
278.0,221.0,1.0,,,,,,,,,,,,,,,,,,,,,,,,,,,
306.0,249.0,1.0,,,,,,,,,,,,,,,,,,,,,,,,,,,
336.0,273.0,1.0,,,,,,,,,,,,,,,,,,,,,,,,,,,
370.0,307.0,1.0,,,,,,,,,,,,,,,,,,,,,,,,,,,
406.0,341.0,1.0,,,,,,,,,,,,,,,,,,,,,,,,,,,
448.0,398.0,6.0,,,,,,,,,,,,,,,,,,,,,,,,,,,
491.0,446.0,9.0,,,,,,,,,,,,,,,,,,,,,,,,,,,
540.0,499.0,9.0,,,,,,,,,,,,,,,,,,,,,,,,,,,
595.0,561.0,11.0,,,,,,,,,,,,,,,,,,,,,,,,,,,
654.0,644.0,18.0,1.0,,,,,,,,,,,,,,,,,,,,,,,,,,
719.0,729.0,24.0,1.0,,,,,,,,,,,,,,,,,,,,,,,,,,
791.0,830.0,45.0,2.0,,,,,,,,,,,,,,,,,,,,,,,,,,
870.0,929.0,64.0,2.0,,,,,,,,,,,,,,,,,,,,,,,,,,
957.0,1061.0,76.0,2.0,,,,,,,,,,,,,,,,,,,,,,,,,,
1052.0,1217.0,136.0,7.0,,,,,,,,,,,,,,,,,,,,,,,,,,
1158.0,1361.0,182.0,16.0,,,,,,,,,,,,,,,,,,,,,,,,,,
1273.0,1548.0,225.0,21.0,,,,,,,,,,,,,,,,,,,,,,,,,,
1400.0,1766.0,304.0,35.0,,,,,,,,,,,,,,,,,,,,,,,,,,
1540.0,1999.0,408.0,59.0,,,,,,,,,,,,,,,,,,,,,,,,,,
1694.0,2230.0,525.0,104.0,8.0,,,,,,,,,,,,,,,,,,,,,,,,,
1863.0,2535.0,650.0,139.0,10.0,,,,,,,,,,,,,,,,,,,,,,,,,
2050.0,2871.0,818.0,185.0,13.0,,,,,,,,,,,,,,,,,,,,,,,,,
2255.0,3272.0,1092.0,341.0,52.0,3.0,,,,,,,,,,,,,,,,,,,,,,,,
2480.0,3700.0,1400.0,530.0,96.0,6.0,,,,,,,,,,,,,,,,,,,,,,,,
2727.0,4211.0,1855.0,910.0,261.0,39.0,3.0,,,,,,,,,,,,,,,,,,,,,,,
3000.0,4745.0,2231.0,1191.0,363.0,53.0,4.0,,,,,,,,,,,,,,,,,,,,,,,
3300.0,5356.0,2698.0,1616.0,632.0,145.0,16.0,,,,,,,,,,,,,,,,,,,,,,,
3630.0,6101.0,3374.0,2216.0,954.0,246.0,34.0,1.0,,,,,,,,,,,,,,,,,,,,,,
3993.0,6963.0,4213.0,3042.0,1435.0,373.0,43.0,1.0,,,,,,,,,,,,,,,,,,,,,,
4392.0,7899.0,5313.0,4203.0,2244.0,682.0,97.0,3.0,,,,,,,,,,,,,,,,,,,,,,
4832.0,9086.0,6911.0,6296.0,3944.0,1455.0,275.0,19.0,,,,,,,,,,,,,,,,,,,,,,
5315.0,10301.0,8406.0,8125.0,5455.0,2217.0,509.0,64.0,4.0,,,,,,,,,,,,,,,,,,,,,
5845.0,11645.0,10231.0,10787.0,8075.0,3766.0,1010.0,138.0,6.0,,,,,,,,,,,,,,,,,,,,,
6430.0,13236.0,12962.0,15505.0,13620.0,7781.0,2709.0,544.0,59.0,3.0,,,,,,,,,,,,,,,,,,,,
7073.0,15157.0,16391.0,21170.0,19970.0,12517.0,5097.0,1367.0,251.0,31.0,2.0,,,,,,,,,,,,,,,,,,,
7780.0,17260.0,20664.0,29854.0,32102.0,23313.0,10997.0,3318.0,643.0,76.0,4.0,,,,,,,,,,,,,,,,,,,
8558.0,19549.0,25697.0,41708.0,52197.0,46517.0,28698.0,11973.0,3260.0,539.0,45.0,1.0,,,,,,,,,,,,,,,,,,
9413.0,22438.0,33028.0,60598.0,86602.0,89478.0,65551.0,33662.0,11918.0,2806.0,409.0,32.0,1.0,,,,,,,,,,,,,,,,,
10355.0,25585.0,40865.0,81302.0,126573.0,143679.0,116966.0,67496.0,27116.0,7276.0,1182.0,91.0,1.0,,,,,,,,,,,,,,,,,
11390.0,29271.0,50804.0,109028.0,184241.0,230396.0,210711.0,139572.0,65990.0,21678.0,4696.0,609.0,40.0,1.0,,,,,,,,,,,,,,,,
12529.0,33400.0,63298.0,148027.0,272495.0,373050.0,376868.0,278596.0,148627.0,56003.0,14419.0,2410.0,239.0,11.0,,,,,,,,,,,,,,,,
13782.0,38260.0,79038.0,200639.0,402358.0,603825.0,674390.0,556757.0,335362.0,144483.0,43262.0,8637.0,1079.0,75.0,2.0,,,,,,,,,,,,,,,
15160.0,43458.0,96670.0,265206.0,581789.0,968209.0,1217205.0,1151523.0,812598.0,421660.0,157504.0,41008.0,7054.0,721.0,33.0,,,,,,,,,,,,,,,
16676.0,49827.0,120494.0,351131.0,812096.0,1424638.0,1893092.0,1903585.0,1441602.0,815705.0,341368.0,104538.0,23210.0,3699.0,411.0,29.0,1.0,,,,,,,,,,,,,
18343.0,56623.0,149716.0,476964.0,1216002.0,2387072.0,3620903.0,4264096.0,3909608.0,2797152.0,1565847.0,687712.0,236879.0,63372.0,12817.0,1858.0,174.0,8.0,,,,,,,,,,,,
20177.0,64293.0,184698.0,641973.0,1807226.0,3974718.0,6868011.0,9377274.0,10139796.0,8681481.0,5873633.0,3127709.0,1301200.0,417256.0,100650.0,17485.0,2025.0,136.0,4.0,,,,,,,,,,,
22195.0,73078.0,225863.0,837536.0,2508290.0,5868923.0,10820050.0,15864054.0,18610365.0,17534198.0,13295506.0,8111422.0,3963134.0,1531624.0,456889.0,100814.0,15308.0,1400.0,56.0,,,,,,,,,,,
24415.0,82385.0,274058.0,1090304.0,3474686.0,8580479.0,16600470.0,25472288.0,31241487.0,30733143.0,24250665.0,15305617.0,7679302.0,3029634.0,922501.0,210049.0,33835.0,3460.0,170.0,,,,,,,,,,,
26856.0,93420.0,338405.0,1475555.0,5170491.0,14053246.0,29906600.0,50454386.0,68103121.0,73932559.0,64651931.0,45465915.0,25594579.0,11446152.0,4021471.0,1092476.0,224165.0,33493.0,3425.0,213.0,6.0,,,,,,,,,
29541.0,104368.0,403655.0,1905057.0,7252393.0,21515099.0,50297234.0,94013150.0,142159397.0,175342683.0,177294709.0,147257051.0,100378952.0,55934397.0,25291022.0,9172780.0,2624641.0,578881.0,95246.0,11124.0,841.0,32.0,,,,,,,,
32495.0,117043.0,486046.0,2492991.0,10363265.0,33704137.0,86760200.0,179727397.0,304219968.0,426213759.0,499434381.0,493509153.0,413665423.0,295173936.0,179470813.0,92807165.0,40617419.0,14923488.0,4550087.0,1133009.0,225286.0,34567.0,3863.0,281.0,10.0,,,,,
35744.0,132008.0,590862.0,3289893.0,14794728.0,51821276.0,143021729.0,316147093.0,568016187.0,839566048.0,1030622362.0,1058354358.0,913842619.0,665481203.0,409045262.0,211852134.0,92024451.0,33255232.0,9875519.0,2367831.0,447072.0,64081.0,6578.0,434.0,14.0,,,,,
39319.0,146545.0,695543.0,4186475.0,20500729.0,78614135.0,238692133.0,583194637.0,1163499209.0,1918043233.0,2636953269.0,3044332103.0,2965727873.0,2445250830.0,1708447621.0,1010851914.0,505080082.0,211944258.0,74017376.0,21216759.0,4890199.0,879056.0,117617.0,10852.0,599.0,14.0,,,,
43252.0,164019.0,830866.0,5400647.0,28696995.0,119970478.0,398668547.0,1069499075.0,2349476089.0,4276855418.0,6511584843.0,8349720896.0,9060397466.0,8342758587.0,6524506129.0,4329884642.0,2431857930.0,1150691120.0,455664797.0,149627399.0,40242422.0,8718085.0,1486672.0,192954.0,18052.0,1097.0,33.0,,,
47575.0,186214.0,1019777.0,7137663.0,40764394.0,183577954.0,660543741.0,1932281415.0,4665989349.0,9415085763.0,16024391413.0,23164658539.0,28581192640.0,30194085561.0,27357976243.0,21267597274.0,14171534863.0,8075896550.0,3921079145.0,1613101141.0,557961125.0,160559874.0,37887374.0,7187448.0,1066218.0,118807.0,9340.0,463.0,11.0,
54075.0,220151.0,1329278.0,10248442.0,64558371.0,321896591.0,1287493560.0,4200667508.0,11344209020.0,25658387724.0,49054384348.0,79826944880.0,111136173166.0,132832178133.0,136578130005.0,120895956495.0,92082970354.0,60246091881.0,33754775566.0,16122514384.0,6523659194.0,2217226011.0,625724495.0,144328693.0,26612656.0,3798087.0,399263.0,28470.0,1177.0,19.0
